,yr,temp,hum,windspeed,cnt,days_since_2011,season_FALL,season_SPRING,season_SUMMER,season_WINTER,holiday_HOLIDAY,workingday_WORKING DAY,weathersit_GOOD,weathersit_MISTY,weathersit_RAIN/SNOW/STORM
0,2011,8.175849,80.5833,10.749882,985,0,0,0,0,1,0,0,0,1,0
1,2011,9.083466,69.6087,16.652113,801,1,0,0,0,1,0,0,0,1,0
2,2011,1.229108,43.7273,16.636703,1349,2,0,0,0,1,0,1,1,0,0
3,2011,1.4,59.0435,10.739832,1562,3,0,0,0,1,0,1,1,0,0
4,2011,2.666979,43.6957,12.5223,1600,4,0,0,0,1,0,1,1,0,0
5,2011,1.604356,51.8261,6.0008684,1606,5,0,0,0,1,0,1,1,0,0
6,2011,1.236534,49.8696,11.304642,1510,6,0,0,0,1,0,1,0,1,0
7,2011,-0.244999999999999,53.5833,17.875868,959,7,0,0,0,1,0,0,0,1,0
8,2011,-1.498349,43.4167,24.25065,822,8,0,0,0,1,0,0,1,0,0
9,2011,-0.910849000000001,48.2917,14.958889,1321,9,0,0,0,1,0,1,1,0,0
10,2011,-0.0527230000000003,68.6364,8.182844,1263,10,0,0,0,1,0,1,0,1,0
11,2011,0.118169,59.9545,20.410009,1162,11,0,0,0,1,0,1,1,0,0
12,2011,-0.244999999999999,47.0417,20.167,1406,12,0,0,0,1,0,1,1,0,0
13,2011,-0.439109999999999,53.7826,8.478716,1421,13,0,0,0,1,0,1,1,0,0
14,2011,2.966651,49.875,10.583521,1248,14,0,0,0,1,0,0,0,1,0
15,2011,2.888349,48.375,12.625011,1204,15,0,0,0,1,0,0,1,0,0
16,2011,0.264151,53.75,12.999139,1000,16,0,0,0,1,1,0,0,1,0
17,2011,2.183349,86.1667,9.833925,683,17,0,0,0,1,0,1,0,1,0
18,2011,5.732178,74.1739,13.957239,1650,18,0,0,0,1,0,1,0,1,0
19,2011,4.298349,53.8333,13.125568,1927,19,0,0,0,1,0,1,0,1,0
20,2011,0.342499999999999,45.7083,23.667214,1543,20,0,0,0,1,0,1,1,0,0
21,2011,-5.2208712,40.0,11.52199,981,21,0,0,0,1,0,0,1,0,0
22,2011,-3.4634801,43.6522,16.5222,986,22,0,0,0,1,0,0,1,0,0
23,2011,-3.4226089,49.1739,10.60811,1416,23,0,0,0,1,0,1,1,0,0
24,2011,2.503466,61.6957,8.696332,1985,24,0,0,0,1,0,1,0,1,0
25,2011,2.2225,86.25,19.68795,506,25,0,0,0,1,0,1,0,0,1
26,2011,1.165,68.75,7.627079,431,26,0,0,0,1,0,1,1,0,0
27,2011,1.563466,79.3043,8.2611,1167,27,0,0,0,1,0,1,0,1,0
28,2011,1.236534,65.1739,9.739455,1098,28,0,0,0,1,0,0,1,0,0
29,2011,2.176534,72.2174,4.9568342,1096,29,0,0,0,1,0,0,1,0,0
30,2011,0.499150999999999,60.375,12.541864,1501,30,0,0,0,1,0,1,0,1,0
31,2011,1.032178,82.9565,3.565271,1360,31,0,0,0,1,0,1,0,1,0
32,2011,4.22,77.5417,17.708636,1526,32,0,0,0,1,0,1,0,1,0
33,2011,0.786979000000001,43.7826,18.609384,1550,33,0,0,0,1,0,1,1,0,0
34,2011,1.931288,58.5217,8.565213,1708,34,0,0,0,1,0,1,0,1,0
35,2011,2.966651,92.9167,10.792293,1005,35,0,0,0,1,0,0,0,1,0
36,2011,5.434151,56.8333,9.5006,1623,36,0,0,0,1,0,0,1,0,0
37,2011,4.768349,73.8333,3.0423561,1712,37,0,0,0,1,0,1,1,0,0
38,2011,2.379151,53.7917,24.25065,1530,38,0,0,0,1,0,1,1,0,0
39,2011,-1.665199,49.4783,12.652213,1605,39,0,0,0,1,0,1,0,1,0
40,2011,-1.215644,43.7391,14.869645,1538,40,0,0,0,1,0,1,1,0,0
41,2011,0.887277000000001,50.6364,7.27285,1746,41,0,0,0,1,0,1,1,0,0
42,2011,2.4575,54.4167,13.625589,1472,42,0,0,0,1,0,0,1,0,0
43,2011,6.876534,45.7391,17.479161,1589,43,0,0,0,1,0,0,1,0,0
44,2011,11.505,37.5833,27.999836,1913,44,0,0,0,1,0,1,1,0,0
45,2011,4.506089,31.4348,19.522058,1815,45,0,0,0,1,0,1,1,0,0
46,2011,6.958267,42.3478,16.869997,2115,46,0,0,0,1,0,1,1,0,0
47,2011,12.484151,50.5,15.416968,2475,47,0,0,0,1,0,1,1,0,0
48,2011,16.518349,51.6667,17.749975,2927,48,0,0,0,1,0,1,1,0,0
49,2011,10.760849,18.7917,34.000021,1635,49,0,0,0,1,0,0,1,0,0
50,2011,5.405199,40.7826,14.956745,1812,50,0,0,0,1,0,0,1,0,0
51,2011,6.256651,60.5,20.625682,1107,51,0,0,0,1,1,0,0,1,0
52,2011,0.564434,57.7778,13.110761,1450,52,0,0,0,1,0,1,1,0,0
53,2011,2.421733,42.3043,6.305571,1917,53,0,0,0,1,0,1,1,0,0
54,2011,5.895644,69.7391,16.783232,1807,54,0,0,0,1,0,1,0,1,0
55,2011,9.124356,71.2174,23.218113,1461,55,0,0,0,1,0,1,0,1,0
56,2011,5.2775,53.7917,12.500257,1969,56,0,0,0,1,0,0,1,0,0
57,2011,8.143466,68.0,8.391616,2402,57,0,0,0,1,0,0,1,0,0
58,2011,11.141831,87.6364,19.408962,1446,58,0,0,0,1,0,1,0,1,0
59,2011,4.533349,53.5,14.500475,1851,59,0,0,0,1,0,1,1,0,0
60,2011,7.745,44.9583,20.624811,2134,60,0,0,0,1,0,1,1,0,0
61,2011,1.321651,31.8333,15.125518,1685,61,0,0,0,1,0,1,1,0,0
62,2011,4.298349,61.0417,13.624182,1944,62,0,0,0,1,0,1,0,1,0
63,2011,10.055849,78.9167,16.875357,2077,63,0,0,0,1,0,0,0,1,0
64,2011,9.696534,94.8261,23.000229,605,64,0,0,0,1,0,0,0,1,0
65,2011,4.301733,55.1304,22.870584,1872,65,0,0,0,1,0,1,1,0,0
66,2011,5.7475,42.0833,8.08355,2133,66,0,0,0,1,0,1,1,0,0
67,2011,5.904151,77.5417,14.75005,1891,67,0,0,0,1,0,1,0,1,0
68,2011,10.287277,0.0,17.545759,623,68,0,0,0,1,0,1,0,0,1
69,2011,6.876534,64.9565,15.60899,1977,69,0,0,0,1,0,1,0,1,0
70,2011,7.470849,59.4583,14.791925,2132,70,0,0,0,1,0,0,1,0,0
71,2011,10.064356,52.7391,18.130468,2417,71,0,0,0,1,0,0,1,0,0
72,2011,7.285199,49.6957,9.174042,2046,72,0,0,0,1,0,1,1,0,0
73,2011,6.917377,65.5652,12.348703,2056,73,0,0,0,1,0,1,0,1,0
74,2011,9.165199,77.6522,13.608839,2192,74,0,0,0,1,0,1,0,1,0
75,2011,11.505,60.2917,14.041793,2744,75,0,0,0,1,0,1,1,0,0
76,2011,17.38,52.5217,15.478139,3239,76,0,0,0,1,0,1,1,0,0
77,2011,14.2075,37.9167,24.667189,3117,77,0,0,0,1,0,0,1,0,0
78,2011,7.6275,47.375,13.917307,2471,78,0,0,0,1,0,0,1,0,0
79,2011,12.230445,73.7391,19.348461,2077,79,0,1,0,0,0,1,0,1,0
80,2011,12.758349,62.4583,15.12525,2703,80,0,1,0,0,0,1,1,0,0
81,2011,8.306979,83.9565,15.695487,2121,81,0,1,0,0,0,1,0,1,0
82,2011,5.395,80.5833,16.333729,1865,82,0,1,0,0,0,1,0,1,0
83,2011,4.415849,49.5,15.458575,2210,83,0,1,0,0,0,1,1,0,0
84,2011,4.494151,39.4167,14.041257,2496,84,0,1,0,0,0,0,1,0,0
85,2011,3.893021,49.3913,12.3481,1693,85,0,1,0,0,0,0,0,1,0
86,2011,4.424356,30.2174,14.217668,2028,86,0,1,0,0,0,1,1,0,0
87,2011,6.2175,31.4167,15.208732,2425,87,0,1,0,0,0,1,1,0,0
88,2011,6.1,64.6667,11.583496,1536,88,0,1,0,0,0,1,0,1,0
89,2011,4.611651,91.8333,14.582282,1685,89,0,1,0,0,0,1,0,0,1
90,2011,6.1,68.625,17.333436,2227,90,0,1,0,0,0,1,0,1,0
91,2011,6.805,65.375,13.208782,2252,91,0,1,0,0,0,0,0,1,0
92,2011,9.781651,48.0,12.208271,3249,92,0,1,0,0,0,0,1,0,0
93,2011,18.946651,42.625,25.833257,3115,93,0,1,0,0,0,1,1,0,0
94,2011,11.465849,64.2083,26.000489,1795,94,0,1,0,0,0,1,0,1,0
95,2011,10.369151,47.0833,17.625221,2808,95,0,1,0,0,0,1,1,0,0
96,2011,12.5625,60.2917,10.874904,3141,96,0,1,0,0,0,1,1,0,0
97,2011,7.784151,83.625,15.208464,1471,97,0,1,0,0,0,1,0,1,0
98,2011,8.0975,87.75,8.916561,2455,98,0,1,0,0,0,0,0,1,0
99,2011,12.053349,85.75,9.833389,2895,99,0,1,0,0,0,0,0,1,0
100,2011,19.995644,71.6956,21.739758,3348,100,0,1,0,0,0,1,0,1,0
101,2011,15.6175,73.9167,18.416893,2034,101,0,1,0,0,0,1,0,1,0
102,2011,11.3875,81.9167,16.791339,2162,102,0,1,0,0,0,1,0,1,0
103,2011,13.9725,54.0417,7.4169,3267,103,0,1,0,0,0,1,1,0,0
104,2011,12.993349,67.125,15.167125,3126,104,0,1,0,0,1,0,1,0,0
105,2011,12.249151,88.8333,22.834136,795,105,0,1,0,0,0,0,0,0,1
106,2011,13.463349,47.9583,20.334232,3744,106,0,1,0,0,0,0,1,0,0
107,2011,16.0875,54.25,10.958989,3429,107,0,1,0,0,0,1,1,0,0
108,2011,15.774151,66.5833,10.584057,3204,108,0,1,0,0,0,1,0,1,0
109,2011,19.965,61.4167,16.208975,3944,109,0,1,0,0,0,1,1,0,0
110,2011,13.580849,40.7083,21.792286,4189,110,0,1,0,0,0,1,1,0,0
111,2011,7.823349,72.9583,14.707907,1683,111,0,1,0,0,0,1,0,1,0
112,2011,13.62,88.7917,15.458575,4036,112,0,1,0,0,0,0,0,1,0
113,2011,19.338349,81.0833,12.875725,4191,113,0,1,0,0,0,0,0,1,0
114,2011,20.513349,77.6667,12.417311,4073,114,0,1,0,0,0,1,1,0,0
115,2011,21.688349,72.9167,21.8755,4400,115,0,1,0,0,0,1,1,0,0
116,2011,21.14,83.5417,20.9174,3872,116,0,1,0,0,0,1,0,1,0
117,2011,21.0225,70.0833,21.500836,4058,117,0,1,0,0,0,1,0,1,0
118,2011,15.97,45.7083,16.084221,4595,118,0,1,0,0,0,1,1,0,0
119,2011,14.2075,50.3333,15.750025,5312,119,0,1,0,0,0,0,1,0,0
120,2011,13.228349,76.2083,7.125718,3351,120,0,1,0,0,0,0,0,1,0
121,2011,17.810849,73.0,12.291418,4401,121,0,1,0,0,0,1,0,1,0
122,2011,20.983349,69.7083,22.958689,4451,122,0,1,0,0,0,1,0,1,0
123,2011,11.465849,73.7083,22.042732,2633,123,0,1,0,0,0,1,0,1,0
124,2011,13.580849,44.4167,19.791264,4433,124,0,1,0,0,0,1,1,0,0
125,2011,14.520849,59.0,15.292482,4608,125,0,1,0,0,0,1,1,0,0
126,2011,16.44,54.125,10.75015,4714,126,0,1,0,0,0,0,1,0,0
127,2011,16.831651,63.1667,5.0007125,4333,127,0,1,0,0,0,0,1,0,0
128,2011,17.0275,58.875,11.792,4362,128,0,1,0,0,0,1,1,0,0
129,2011,17.0275,48.9167,7.749957,4803,129,0,1,0,0,0,1,1,0,0
130,2011,17.4975,63.2917,8.083014,4182,130,0,1,0,0,0,1,1,0,0
131,2011,17.145,74.75,12.707689,4864,131,0,1,0,0,0,1,1,0,0
132,2011,16.0875,86.3333,12.041575,4105,132,0,1,0,0,0,1,0,1,0
133,2011,16.479151,92.25,9.04165,3409,133,0,1,0,0,0,0,0,1,0
134,2011,18.4375,86.7083,10.249593,4553,134,0,1,0,0,0,0,0,1,0
135,2011,19.1425,78.7917,8.500357,3958,135,0,1,0,0,0,1,1,0,0
136,2011,18.398349,83.7917,18.582718,4123,136,0,1,0,0,0,1,0,1,0
137,2011,17.85,87.0,13.499964,3855,137,0,1,0,0,0,1,0,1,0
138,2011,16.949151,82.9583,7.250271,4575,138,0,1,0,0,0,1,0,1,0
139,2011,17.223349,71.9583,8.375871,4917,139,0,1,0,0,0,1,1,0,0
140,2011,20.3175,62.6667,8.08355,5805,140,0,1,0,0,0,0,1,0,0
141,2011,20.395849,74.9583,9.916536,4660,141,0,1,0,0,0,0,1,0,0
142,2011,21.688349,81.0,15.667414,4274,142,0,1,0,0,0,1,0,1,0
143,2011,23.02,74.0833,13.875164,4492,143,0,1,0,0,0,1,0,1,0
144,2011,23.059151,69.625,10.333611,4978,144,0,1,0,0,0,1,1,0,0
145,2011,25.291651,67.75,13.376014,4677,145,0,1,0,0,0,1,1,0,0
146,2011,24.038349,65.375,16.125493,4679,146,0,1,0,0,0,1,1,0,0
147,2011,22.824151,72.9583,15.416164,4758,147,0,1,0,0,0,0,1,0,0
148,2011,23.3725,81.875,14.333846,4788,148,0,1,0,0,0,0,1,0,0
149,2011,26.466651,68.5,8.792075,4098,149,0,1,0,0,1,0,1,0,0
150,2011,28.425,63.6667,7.459043,3982,150,0,1,0,0,0,1,1,0,0
151,2011,27.915849,67.7083,13.875164,3974,151,0,1,0,0,0,1,0,1,0
152,2011,25.605,30.5,19.583229,4968,152,0,1,0,0,0,1,1,0,0
153,2011,21.14,35.4167,16.959107,5312,153,0,1,0,0,0,1,1,0,0
154,2011,21.845,45.625,8.250514,5342,154,0,1,0,0,0,0,1,0,0
155,2011,22.471651,65.25,9.292364,4906,155,0,1,0,0,0,0,0,1,0
156,2011,23.881651,60.0,8.167032,4548,156,0,1,0,0,0,1,1,0,0
157,2011,25.2525,59.7917,12.583136,4833,157,0,1,0,0,0,1,1,0,0
158,2011,28.464151,62.2083,9.166739,4401,158,0,1,0,0,0,1,1,0,0
159,2011,29.991651,56.8333,10.042161,3915,159,0,1,0,0,0,1,0,1,0
160,2011,27.485,60.5,9.417118,4586,160,0,1,0,0,0,1,1,0,0
161,2011,26.075,65.4583,10.37495,4966,161,0,1,0,0,0,0,1,0,0
162,2011,24.5475,74.7917,10.958989,4460,162,0,1,0,0,0,0,1,0,0
163,2011,21.845,49.4583,20.45845,5020,163,0,1,0,0,0,1,1,0,0
164,2011,20.395849,50.7083,18.041961,4891,164,0,1,0,0,0,1,1,0,0
165,2011,21.453349,47.1667,11.250104,5180,165,0,1,0,0,0,1,1,0,0
166,2011,21.531651,68.8333,13.833557,3767,166,0,1,0,0,0,1,0,1,0
167,2011,22.510849,73.5833,9.582943,4844,167,0,1,0,0,0,1,1,0,0
168,2011,24.743349,67.0417,8.000336,5119,168,0,1,0,0,0,0,1,0,0
169,2011,24.860849,66.6667,6.834,4744,169,0,1,0,0,0,0,0,1,0
170,2011,21.845,74.625,10.416825,4010,170,0,1,0,0,0,1,0,1,0
171,2011,23.999151,77.0417,11.458675,4835,171,0,0,1,0,0,1,0,1,0
172,2011,26.466651,70.75,11.541554,4507,172,0,0,1,0,0,1,1,0,0
173,2011,26.231651,70.3333,15.999868,4790,173,0,0,1,0,0,1,0,1,0
174,2011,26.035849,57.3333,14.875675,4991,174,0,0,1,0,0,1,1,0,0
175,2011,24.665,48.3333,14.041257,5202,175,0,0,1,0,0,0,1,0,0
176,2011,23.96,51.3333,6.3337311,5305,176,0,0,1,0,0,0,1,0,0
177,2011,24.0775,65.8333,7.208396,4708,177,0,0,1,0,0,1,0,1,0
178,2011,26.975849,63.4167,9.666961,4648,178,0,0,1,0,0,1,1,0,0
179,2011,26.231651,49.7917,17.542007,5225,179,0,0,1,0,0,1,1,0,0
180,2011,24.743349,43.4167,12.415904,5515,180,0,0,1,0,0,1,1,0,0
181,2011,25.9575,39.625,6.874736,5362,181,0,0,1,0,0,1,1,0,0
182,2011,26.701651,44.4583,7.709154,5119,182,0,0,1,0,0,0,1,0,0
183,2011,25.683349,68.25,15.333486,4649,183,0,0,1,0,0,0,0,1,0
184,2011,26.153349,63.7917,5.4591064,6043,184,0,0,1,0,1,0,0,1,0
185,2011,27.093349,59.0417,8.459286,4665,185,0,0,1,0,0,1,1,0,0
186,2011,25.84,74.3333,10.042161,4629,186,0,0,1,0,0,1,1,0,0
187,2011,27.25,65.125,10.6664,4592,187,0,0,1,0,0,1,1,0,0
188,2011,25.330849,75.7917,15.083643,4040,188,0,0,1,0,0,1,0,1,0
189,2011,26.466651,60.9167,11.250104,5336,189,0,0,1,0,0,0,1,0,0
190,2011,27.1325,57.8333,12.292557,4881,190,0,0,1,0,0,0,1,0,0
191,2011,27.8375,63.5833,18.916579,4086,191,0,0,1,0,0,1,1,0,0
192,2011,29.325849,55.9167,13.417018,4258,192,0,0,1,0,0,1,1,0,0
193,2011,27.093349,63.1667,9.790911,4342,193,0,0,1,0,0,1,1,0,0
194,2011,23.999151,47.625,16.124689,5084,194,0,0,1,0,0,1,1,0,0
195,2011,23.176651,59.125,12.249811,5538,195,0,0,1,0,0,1,1,0,0
196,2011,24.273349,58.5,13.958914,5923,196,0,0,1,0,0,0,1,0,0
197,2011,25.800849,60.4167,16.417211,5302,197,0,0,1,0,0,0,1,0,0
198,2011,27.093349,65.125,14.458868,4458,198,0,0,1,0,0,1,1,0,0
199,2011,28.503349,65.0417,8.7502,4541,199,0,0,1,0,0,1,1,0,0
200,2011,28.111651,70.7083,7.625739,4332,200,0,0,1,0,0,1,1,0,0
201,2011,30.305,69.125,14.875407,3784,201,0,0,1,0,0,1,0,1,0
202,2011,31.871651,58.0417,8.9177,3387,202,0,0,1,0,0,1,1,0,0
203,2011,31.910849,50.0,8.791807,3285,203,0,0,1,0,0,0,1,0,0
204,2011,31.01,55.0833,11.334457,3606,204,0,0,1,0,0,0,1,0,0
205,2011,26.936651,75.7083,6.0841561,3840,205,0,0,1,0,0,1,1,0,0
206,2011,28.268349,54.0833,13.417286,4590,206,0,0,1,0,0,1,1,0,0
207,2011,28.425,40.2917,12.292021,4656,207,0,0,1,0,0,1,1,0,0
208,2011,28.620849,58.3333,11.958093,4390,208,0,0,1,0,0,1,1,0,0
209,2011,31.401651,54.25,11.667246,3846,209,0,0,1,0,0,1,1,0,0
210,2011,29.795849,46.5833,11.291979,4475,210,0,0,1,0,0,0,1,0,0
211,2011,29.874151,48.0833,11.042471,4302,211,0,0,1,0,0,0,1,0,0
212,2011,28.268349,55.0833,10.500039,4266,212,0,0,1,0,0,1,1,0,0
213,2011,28.816651,49.125,13.79195,4845,213,0,0,1,0,0,1,1,0,0
214,2011,26.388349,65.75,9.084061,3574,214,0,0,1,0,0,1,0,1,0
215,2011,25.37,75.75,13.20905,4576,215,0,0,1,0,0,1,0,1,0
216,2011,25.409151,63.0833,12.374632,4866,216,0,0,1,0,0,1,1,0,0
217,2011,25.683349,75.5,15.29275,4294,217,0,0,1,0,0,0,0,1,0
218,2011,26.8975,75.2917,13.499629,3785,218,0,0,1,0,0,0,1,0,0
219,2011,27.955,59.2083,12.875725,4326,219,0,0,1,0,0,1,1,0,0
220,2011,28.425,57.0417,10.125107,4602,220,0,0,1,0,0,1,1,0,0
221,2011,28.033349,42.4167,13.417286,4780,221,0,0,1,0,0,1,1,0,0
222,2011,25.7225,42.375,11.041332,4792,222,0,0,1,0,0,1,1,0,0
223,2011,25.291651,41.5,8.416607,4905,223,0,0,1,0,0,1,1,0,0
224,2011,24.234151,72.9583,14.167418,4150,224,0,0,1,0,0,0,0,1,0
225,2011,23.803349,81.75,14.916411,3820,225,0,0,1,0,0,0,0,1,0
226,2011,23.294151,71.2083,13.999918,4338,226,0,0,1,0,0,1,1,0,0
227,2011,24.939151,57.8333,15.834043,4725,227,0,0,1,0,0,1,1,0,0
228,2011,25.996651,57.5417,9.625689,4694,228,0,0,1,0,0,1,1,0,0
229,2011,25.448349,65.4583,15.624936,3805,229,0,0,1,0,0,1,1,0,0
230,2011,24.195,72.2917,9.333636,4153,230,0,0,1,0,0,1,0,1,0
231,2011,24.7825,67.4167,6.999289,5191,231,0,0,1,0,0,0,1,0,0
232,2011,25.409151,77.0,16.666518,3873,232,0,0,1,0,0,0,1,0,0
233,2011,24.508349,47.0,18.54225,4758,233,0,0,1,0,0,1,1,0,0
234,2011,22.119151,45.5417,9.833121,5895,234,0,0,1,0,0,1,1,0,0
235,2011,23.646651,60.5,16.958236,5130,235,0,0,1,0,0,1,1,0,0
236,2011,24.155849,77.1667,14.125811,3542,236,0,0,1,0,0,1,0,1,0
237,2011,24.9,76.125,5.6254875,4661,237,0,0,1,0,0,1,1,0,0
238,2011,23.96,85.0,25.166339,1115,238,0,0,1,0,0,0,0,1,0
239,2011,25.231773,56.1765,20.412153,4334,239,0,0,1,0,0,0,1,0,0
240,2011,21.923349,55.4583,10.708275,4634,240,0,0,1,0,0,1,1,0,0
241,2011,22.040849,54.8333,8.375536,5204,241,0,0,1,0,0,1,1,0,0
242,2011,22.863349,59.7917,5.5833311,5058,242,0,0,1,0,0,1,1,0,0
243,2011,22.785,63.9167,9.500332,5115,243,0,0,1,0,0,1,1,0,0
244,2011,22.236651,72.7083,9.375243,4727,244,0,0,1,0,0,1,0,1,0
245,2011,23.450849,71.6667,12.416775,4484,245,0,0,1,0,0,0,1,0,0
246,2011,25.330849,74.2083,13.833289,4940,246,0,0,1,0,0,0,1,0,0
247,2011,23.646651,79.0417,14.250632,3351,247,0,0,1,0,1,0,0,1,0
248,2011,17.38,88.6957,23.044181,2710,248,0,0,1,0,0,1,0,0,1
249,2011,20.160849,91.7083,6.5003936,1996,249,0,0,1,0,0,1,0,0,1
250,2011,21.793911,93.9565,12.914116,1842,250,0,0,1,0,0,1,0,0,1
251,2011,22.55,89.7917,8.333393,3544,251,0,0,1,0,0,1,0,1,0
252,2011,23.02,75.375,10.291736,5345,252,0,0,1,0,0,0,1,0,0
253,2011,22.706651,71.375,7.708618,5046,253,0,0,1,0,0,0,1,0,0
254,2011,22.284356,69.2174,5.957171,4713,254,0,0,1,0,0,1,1,0,0
255,2011,22.589151,71.25,9.500868,4763,255,0,0,1,0,0,1,1,0,0
256,2011,23.646651,69.7083,11.2091,4785,256,0,0,1,0,0,1,1,0,0
257,2011,19.1425,70.9167,18.166782,3659,257,0,0,1,0,0,1,0,1,0
258,2011,14.050849,59.0417,11.000261,4760,258,0,0,1,0,0,1,0,1,0
259,2011,15.108349,71.8333,12.708225,4511,259,0,0,1,0,0,0,0,1,0
260,2011,15.8525,69.5,11.958361,4274,260,0,0,1,0,0,0,1,0,0
261,2011,17.810849,69.0,10.166714,4539,261,0,0,1,0,0,1,0,1,0
262,2011,18.398349,88.125,9.041918,3641,262,0,0,1,0,0,1,0,1,0
263,2011,19.965,90.0,6.4590814,4352,263,0,0,1,0,0,1,0,1,0
264,2011,21.531651,90.2083,8.584375,4795,264,0,0,1,0,0,1,0,1,0
265,2011,20.630849,97.25,5.2505689,2395,265,1,0,0,0,0,1,0,1,0
266,2011,20.513349,86.25,5.2516811,5423,266,1,0,0,0,0,0,0,1,0
267,2011,21.805849,84.5,3.3754064,5010,267,1,0,0,0,0,0,0,1,0
268,2011,22.510849,84.8333,7.4169,4630,268,1,0,0,0,0,1,0,1,0
269,2011,21.923349,88.5417,7.917457,4120,269,1,0,0,0,0,1,0,1,0
270,2011,21.845,84.875,9.958143,3907,270,1,0,0,0,0,1,0,1,0
271,2011,20.983349,69.9167,11.583161,4839,271,1,0,0,0,0,1,1,0,0
272,2011,18.515849,64.75,13.833825,5202,272,1,0,0,0,0,1,1,0,0
273,2011,11.27,75.375,19.583832,2429,273,1,0,0,0,0,0,0,1,0
274,2011,8.763349,79.1667,14.874871,2918,274,1,0,0,0,0,0,0,1,0
275,2011,10.055849,76.0833,5.5841686,3570,275,1,0,0,0,0,1,0,1,0
276,2011,14.755849,71.0,13.792218,4456,276,1,0,0,0,0,1,1,0,0
277,2011,17.301651,64.7917,11.87575,4826,277,1,0,0,0,0,1,1,0,0
278,2011,15.225849,62.0833,9.041918,4765,278,1,0,0,0,0,1,1,0,0
279,2011,16.009151,68.4167,1.5002439,4985,279,1,0,0,0,0,1,1,0,0
280,2011,16.518349,70.125,3.0420814,5409,280,1,0,0,0,0,0,1,0,0
281,2011,17.419151,72.75,4.25115,5511,281,1,0,0,0,0,0,1,0,0
282,2011,18.829151,73.375,2.8343814,5117,282,1,0,0,0,1,0,1,0,0
283,2011,18.633349,80.875,9.583814,4563,283,1,0,0,0,0,1,0,1,0
284,2011,17.536651,90.625,16.62605,2416,284,1,0,0,0,0,1,0,0,1
285,2011,19.690849,89.6667,9.499729,2913,285,1,0,0,0,0,1,0,1,0
286,2011,17.889151,71.625,15.000161,3644,286,1,0,0,0,0,1,0,1,0
287,2011,15.813349,48.3333,17.291561,5217,287,1,0,0,0,0,0,1,0,0
288,2011,16.048349,48.6667,18.875039,5041,288,1,0,0,0,0,0,1,0,0
289,2011,17.105849,57.9583,11.750393,4570,289,1,0,0,0,0,1,1,0,0
290,2011,17.0275,70.1667,7.375829,4748,290,1,0,0,0,0,1,0,1,0
291,2011,17.461733,89.5217,16.303713,2424,291,1,0,0,0,0,1,0,0,1
292,2011,14.364151,63.625,28.292425,4195,292,1,0,0,0,0,1,1,0,0
293,2011,12.0925,57.4167,14.833532,4304,293,1,0,0,0,0,1,1,0,0
294,2011,11.8575,62.9167,6.2086689,4308,294,1,0,0,0,0,0,1,0,0
295,2011,11.818349,74.125,6.6673375,4381,295,1,0,0,0,0,0,1,0,0
296,2011,13.776651,77.2083,7.959064,4187,296,1,0,0,0,0,1,1,0,0
297,2011,14.168349,62.2917,11.166086,4687,297,1,0,0,0,0,1,1,0,0
298,2011,14.755849,72.0417,9.959014,3894,298,1,0,0,0,0,1,0,1,0
299,2011,14.09,81.2917,13.250121,2659,299,1,0,0,0,0,1,0,1,0
300,2011,7.549151,58.5833,15.375093,3747,300,1,0,0,0,0,1,0,1,0
301,2011,3.945849,88.25,23.541857,627,301,1,0,0,0,0,0,0,0,1
302,2011,7.000849,62.375,11.833339,3331,302,1,0,0,0,0,0,1,0,0
303,2011,7.98,70.3333,7.12545,3669,303,1,0,0,0,0,1,1,0,0
304,2011,10.839151,68.375,9.083257,4068,304,1,0,0,0,0,1,1,0,0
305,2011,9.7425,71.875,5.5001439,4186,305,1,0,0,0,0,1,1,0,0
306,2011,11.191651,70.2083,9.166739,3974,306,1,0,0,0,0,1,1,0,0
307,2011,10.956651,62.25,18.209193,4046,307,1,0,0,0,0,1,0,1,0
308,2011,7.353349,51.9167,12.667154,3926,308,1,0,0,0,0,0,1,0,0
309,2011,8.371651,73.4583,6.1676314,3649,309,1,0,0,0,0,0,1,0,0
310,2011,10.565,75.875,3.834075,4035,310,1,0,0,0,0,1,1,0,0
311,2011,11.191651,72.1667,4.6255125,4205,311,1,0,0,0,0,1,1,0,0
312,2011,10.8,75.8333,4.1671186,4109,312,1,0,0,0,0,1,1,0,0
313,2011,9.86,81.3333,12.667489,2933,313,1,0,0,0,0,1,0,1,0
314,2011,7.235849,44.625,21.083225,3368,314,1,0,0,0,1,0,1,0,0
315,2011,8.763349,55.2917,14.208154,4067,315,1,0,0,0,0,0,1,0,0
316,2011,12.719151,45.8333,18.875307,3717,316,1,0,0,0,0,0,1,0,0
317,2011,16.91,58.7083,20.541932,4486,317,1,0,0,0,0,1,1,0,0
318,2011,16.91,68.875,13.375411,4195,318,1,0,0,0,0,1,0,1,0
319,2011,13.463349,93.0,9.167543,1817,319,1,0,0,0,0,1,0,0,1
320,2011,8.058349,57.5833,20.459254,3053,320,1,0,0,0,0,1,0,1,0
321,2011,4.885849,41.0,11.291711,3392,321,1,0,0,0,0,1,1,0,0
322,2011,7.470849,50.2083,15.041232,3663,322,1,0,0,0,0,0,1,0,0
323,2011,13.776651,68.4583,12.45865,3520,323,1,0,0,0,0,0,0,1,0
324,2011,13.0325,91.0,9.249618,2765,324,1,0,0,0,0,1,0,0,1
325,2011,11.583349,96.25,7.959064,1607,325,1,0,0,0,0,1,0,0,1
326,2011,12.719151,75.7917,22.500275,2566,326,1,0,0,0,0,1,0,1,0
327,2011,9.546651,54.9167,11.209368,1495,327,1,0,0,0,1,0,1,0,0
328,2011,9.625,64.375,6.6260186,2792,328,1,0,0,0,0,1,1,0,0
329,2011,9.664151,68.1667,4.5841936,3068,329,1,0,0,0,0,0,1,0,0
330,2011,13.580849,69.8333,13.999918,3071,330,1,0,0,0,0,0,1,0,0
331,2011,15.663466,74.3043,9.522174,3867,331,1,0,0,0,0,1,1,0,0
332,2011,13.541651,83.0833,17.292164,2914,332,1,0,0,0,0,1,0,1,0
333,2011,7.275,61.3333,18.167586,3613,333,1,0,0,0,0,1,1,0,0
334,2011,6.6875,52.4583,14.750586,3727,334,1,0,0,0,0,1,1,0,0
335,2011,6.765849,62.5833,6.750518,3940,335,1,0,0,0,0,1,1,0,0
336,2011,6.060849,61.2917,6.4174811,3614,336,1,0,0,0,0,0,1,0,0
337,2011,7.549151,77.5833,5.6252061,3485,337,1,0,0,0,0,0,1,0,0
338,2011,10.134151,82.7083,4.1679561,3811,338,1,0,0,0,0,1,0,1,0
339,2011,13.7375,94.9583,15.583061,2594,339,1,0,0,0,0,1,0,0,1
340,2011,11.27,97.0417,17.833725,705,340,1,0,0,0,0,1,0,0,1
341,2011,4.494151,58.0,16.083886,3322,341,1,0,0,0,0,1,1,0,0
342,2011,5.669151,69.5833,5.5420189,3620,342,1,0,0,0,0,1,1,0,0
343,2011,4.925,50.75,15.625807,3190,343,1,0,0,0,0,0,1,0,0
344,2011,2.379151,49.0,4.4582939,2743,344,1,0,0,0,0,0,1,0,0
345,2011,3.201651,67.0833,4.25115,3310,345,1,0,0,0,0,1,1,0,0
346,2011,5.2775,59.0,9.41685,3523,346,1,0,0,0,0,1,1,0,0
347,2011,6.9225,66.375,4.0842061,3740,347,1,0,0,0,0,1,0,1,0
348,2011,11.8575,63.4167,17.958814,3709,348,1,0,0,0,0,1,0,1,0
349,2011,9.625,50.0417,17.458525,3577,349,1,0,0,0,0,1,0,1,0
350,2011,4.141651,56.0833,16.292189,2739,350,1,0,0,0,0,0,0,1,0
351,2011,3.201651,58.625,11.375193,2431,351,1,0,0,0,0,0,1,0,0
352,2011,5.003349,63.75,11.584032,3403,352,1,0,0,0,0,1,1,0,0
353,2011,10.134151,59.5417,4.1252436,3750,353,1,0,0,0,0,1,0,1,0
354,2011,12.131651,85.8333,14.8338,2660,354,0,0,0,1,0,1,0,1,0
355,2011,11.896651,75.75,3.167425,3068,355,0,0,0,1,0,1,0,1,0
356,2011,9.546651,68.625,18.374482,2209,356,0,0,0,1,0,1,1,0,0
357,2011,6.2175,54.25,12.750368,1011,357,0,0,0,1,0,0,1,0,0
358,2011,4.914801,68.1304,10.391097,754,358,0,0,0,1,0,0,1,0,0
359,2011,7.121733,50.6957,16.044155,1317,359,0,0,0,1,1,0,1,0,0
360,2011,7.275,76.25,12.62615,1162,360,0,0,0,1,0,1,0,1,0
361,2011,6.05911,50.3913,19.695387,2302,361,0,0,0,1,0,1,1,0,0
362,2011,3.671651,57.4167,8.000604,2423,362,0,0,0,1,0,1,1,0,0
363,2011,6.648349,63.6667,9.000579,2999,363,0,0,0,1,0,1,1,0,0
364,2011,11.27,61.5833,14.750318,2485,364,0,0,0,1,0,0,1,0,0
365,2012,9.39,69.25,12.875189,2294,365,0,0,0,1,0,0,1,0,0
366,2012,4.833021,38.1304,22.087555,1951,366,0,0,0,1,1,0,1,0,0
367,2012,-0.95,44.125,24.499957,2236,367,0,0,0,1,0,1,1,0,0
368,2012,-2.9475,41.4583,12.3749,2368,368,0,0,0,1,0,1,0,1,0
369,2012,4.494151,52.4167,8.709129,3272,369,0,0,0,1,0,1,1,0,0
370,2012,7.705849,54.2083,11.249836,4098,370,0,0,0,1,0,1,1,0,0
371,2012,10.486651,53.1667,11.708786,4521,371,0,0,0,1,0,0,1,0,0
372,2012,7.8625,46.5,12.833314,3425,372,0,0,0,1,0,0,1,0,0
373,2012,2.535849,70.1667,6.6263,2376,373,0,0,0,1,0,1,0,1,0
374,2012,6.508712,64.6522,12.565984,3598,374,0,0,0,1,0,1,1,0,0
375,2012,4.885849,84.75,8.791807,2177,375,0,0,0,1,0,1,0,1,0
376,2012,9.9775,80.2917,12.124789,4097,376,0,0,0,1,0,1,0,1,0
377,2012,4.885849,50.75,25.333236,3214,377,0,0,0,1,0,1,1,0,0
378,2012,0.459999999999999,45.75,12.541261,2493,378,0,0,0,1,0,0,1,0,0
379,2012,-0.166651,41.9167,16.834286,2311,379,0,0,0,1,0,0,1,0,0
380,2012,0.93,52.25,15.500986,2298,380,0,0,0,1,1,0,1,0,0
381,2012,9.533021,71.6087,23.39171,2935,381,0,0,0,1,0,1,0,1,0
382,2012,6.256651,44.3333,27.833743,3376,382,0,0,0,1,0,1,1,0,0
383,2012,0.93,49.75,14.750586,3292,383,0,0,0,1,0,1,1,0,0
384,2012,2.2225,45.0,13.58425,3163,384,0,0,0,1,0,1,0,1,0
385,2012,0.146650999999999,83.125,14.917014,1301,385,0,0,0,1,0,0,0,1,0
386,2012,-0.3625,79.625,13.375746,1977,386,0,0,0,1,0,0,0,1,0
387,2012,2.261651,91.125,7.417436,2432,387,0,0,0,1,0,1,0,1,0
388,2012,8.0975,83.5833,8.292389,4339,388,0,0,0,1,0,1,1,0,0
389,2012,5.825849,64.375,10.791757,4270,389,0,0,0,1,0,1,1,0,0
390,2012,8.058349,76.9583,4.9175186,4075,390,0,0,0,1,0,1,0,1,0
391,2012,11.975,74.125,22.958689,3456,391,0,0,0,1,0,1,0,1,0
392,2012,6.844151,54.3333,14.125543,4023,392,0,0,0,1,0,0,1,0,0
393,2012,5.2775,31.125,16.08335,3243,393,0,0,0,1,0,0,1,0,0
394,2012,4.650849,40.0833,14.458064,3624,394,0,0,0,1,0,1,1,0,0
395,2012,10.33,41.6667,17.541739,4509,395,0,0,0,1,0,1,1,0,0
396,2012,14.050849,50.7917,12.667489,4579,396,0,0,0,1,0,1,1,0,0
397,2012,10.760849,67.2917,12.541529,3761,397,0,0,0,1,0,1,0,1,0
398,2012,6.726651,52.6667,11.959232,4151,398,0,0,0,1,0,1,1,0,0
399,2012,4.415849,77.9583,8.167032,2832,399,0,0,0,1,0,0,0,1,0
400,2012,4.494151,68.7917,11.791732,2947,400,0,0,0,1,0,0,0,1,0
401,2012,5.282623,62.2174,10.3046,3784,401,0,0,0,1,0,1,1,0,0
402,2012,8.645849,49.625,9.874393,4375,402,0,0,0,1,0,1,1,0,0
403,2012,4.063349,72.2917,8.959307,2802,403,0,0,0,1,0,1,0,1,0
404,2012,4.455,56.2083,13.000479,3830,404,0,0,0,1,0,1,1,0,0
405,2012,5.199151,54.0,7.834243,3831,405,0,0,0,1,0,1,0,1,0
406,2012,2.535849,73.125,19.416332,2169,406,0,0,0,1,0,0,0,0,1
407,2012,-2.0075,46.4583,27.417204,1529,407,0,0,0,1,0,0,1,0,0
408,2012,2.4575,41.125,11.207961,3422,408,0,0,0,1,0,1,1,0,0
409,2012,7.000849,50.875,9.458993,3922,409,0,0,0,1,0,1,0,1,0
410,2012,8.371651,53.125,12.1672,4169,410,0,0,0,1,0,1,1,0,0
411,2012,6.883349,75.2917,6.125475,3005,411,0,0,0,1,0,1,0,1,0
412,2012,8.136651,63.4583,13.791682,4154,412,0,0,0,1,0,1,1,0,0
413,2012,8.293349,53.4583,12.792243,4318,413,0,0,0,1,0,0,1,0,0
414,2012,5.16,51.5833,16.958504,2689,414,0,0,0,1,0,0,0,1,0
415,2012,5.16,50.7826,15.348561,3129,415,0,0,0,1,1,0,1,0,0
416,2012,5.527822,59.4348,13.783039,3777,416,0,0,0,1,0,1,1,0,0
417,2012,10.604151,56.7917,15.709557,4773,417,0,0,0,1,0,1,1,0,0
418,2012,13.345849,55.4583,12.791171,5062,418,0,0,0,1,0,1,1,0,0
419,2012,11.1525,73.75,15.916989,3487,419,0,0,0,1,0,1,0,1,0
420,2012,5.669151,39.5833,28.250014,2732,420,0,0,0,1,0,0,1,0,0
421,2012,5.120849,41.0,13.750343,3389,421,0,0,0,1,0,0,1,0,0
422,2012,9.233349,49.0833,17.958211,4322,422,0,0,0,1,0,1,1,0,0
423,2012,8.880849,39.5833,12.958939,4363,423,0,0,0,1,0,1,1,0,0
424,2012,8.184356,80.4783,12.000839,1834,424,0,0,0,1,0,1,0,1,0
425,2012,14.834151,61.5417,15.208129,4990,425,0,0,0,1,0,1,1,0,0
426,2012,8.606651,65.7083,9.708568,3194,426,0,0,0,1,0,1,0,1,0
427,2012,11.465849,62.125,10.792293,4066,427,0,0,0,1,0,0,0,1,0
428,2012,7.314151,40.3333,22.416257,3423,428,0,0,0,1,0,0,1,0,0
429,2012,3.436651,50.625,15.333486,3333,429,0,0,0,1,0,1,1,0,0
430,2012,4.141651,45.6667,13.458625,3956,430,0,0,0,1,0,1,1,0,0
431,2012,10.995849,51.3333,23.167193,4916,431,0,0,0,1,0,1,1,0,0
432,2012,16.7925,56.75,29.584721,5382,432,0,0,0,1,0,1,1,0,0
433,2012,11.309151,40.7083,27.7916,4569,433,0,0,0,1,0,1,0,1,0
434,2012,5.5125,35.0417,15.12525,4118,434,0,0,0,1,0,0,1,0,0
435,2012,9.001733,47.6957,14.913329,4911,435,0,0,0,1,0,0,1,0,0
436,2012,13.933349,48.9167,13.916771,5298,436,0,0,0,1,0,1,1,0,0
437,2012,18.555,61.75,15.87565,5847,437,0,0,0,1,0,1,1,0,0
438,2012,18.9075,50.7083,7.709154,6312,438,0,0,0,1,0,1,1,0,0
439,2012,18.2025,57.9583,10.042161,6192,439,0,0,0,1,0,1,1,0,0
440,2012,12.484151,84.2083,7.583864,4378,440,0,0,0,1,0,1,0,1,0
441,2012,16.165849,75.5833,7.417168,7836,441,0,0,0,1,0,0,0,1,0
442,2012,14.2075,81.0,8.501161,5892,442,0,0,0,1,0,0,0,1,0
443,2012,17.615,72.875,10.875239,6153,443,0,0,0,1,0,1,1,0,0
444,2012,18.359151,80.7917,8.125157,6093,444,0,0,0,1,0,1,1,0,0
445,2012,16.988349,82.125,6.0004061,6230,445,0,1,0,0,0,1,0,1,0
446,2012,18.045849,83.125,7.876654,6871,446,0,1,0,0,0,1,1,0,0
447,2012,20.278349,69.4167,7.7921,8362,447,0,1,0,0,0,1,0,1,0
448,2012,15.6175,88.5417,12.916461,3372,448,0,1,0,0,0,0,0,1,0
449,2012,12.5625,88.0833,14.791925,4996,449,0,1,0,0,0,0,0,1,0
450,2012,12.954151,47.7917,25.917007,5558,450,0,1,0,0,0,1,1,0,0
451,2012,7.196651,29.0,12.541864,5102,451,0,1,0,0,0,1,1,0,0
452,2012,14.755849,48.125,19.541957,5698,452,0,1,0,0,0,1,1,0,0
453,2012,15.225849,43.9167,21.41655,6133,453,0,1,0,0,0,1,1,0,0
454,2012,9.39,58.0833,9.250489,5459,454,0,1,0,0,0,1,0,1,0
455,2012,11.935849,73.8333,16.791339,6235,455,0,1,0,0,0,0,0,1,0
456,2012,12.014151,67.625,11.541889,6041,456,0,1,0,0,0,0,0,1,0
457,2012,12.393911,50.4348,20.913313,5936,457,0,1,0,0,0,1,1,0,0
458,2012,13.933349,39.6667,6.708911,6772,458,0,1,0,0,0,1,1,0,0
459,2012,17.458349,46.9583,12.125325,6436,459,0,1,0,0,0,1,1,0,0
460,2012,12.445,37.4167,14.708443,6457,460,0,1,0,0,0,1,1,0,0
461,2012,10.956651,37.7083,20.125996,6460,461,0,1,0,0,0,1,1,0,0
462,2012,12.5625,25.4167,18.416357,6857,462,0,1,0,0,0,0,1,0,0
463,2012,15.5,27.5833,15.583932,5169,463,0,1,0,0,0,0,1,0,0
464,2012,14.990849,31.75,23.999132,5585,464,0,1,0,0,0,1,1,0,0
465,2012,12.993349,43.5,16.708125,5918,465,0,1,0,0,0,1,1,0,0
466,2012,8.388712,46.9565,19.783358,4862,466,0,1,0,0,0,1,1,0,0
467,2012,10.6825,46.625,19.458743,5409,467,0,1,0,0,0,1,1,0,0
468,2012,12.7975,40.8333,10.416557,6398,468,0,1,0,0,0,1,1,0,0
469,2012,15.265,50.2917,12.791439,7460,469,0,1,0,0,0,0,1,0,0
470,2012,20.513349,50.7917,15.083643,7132,470,0,1,0,0,0,0,1,0,0
471,2012,23.215849,56.1667,19.083543,6370,471,0,1,0,0,1,0,1,0,0
472,2012,20.591651,39.0417,18.333143,6691,472,0,1,0,0,0,1,1,0,0
473,2012,13.776651,56.9167,11.250104,4367,473,0,1,0,0,0,1,0,1,0
474,2012,15.421651,61.25,4.4172564,6565,474,0,1,0,0,0,1,1,0,0
475,2012,16.753349,69.4583,10.041357,7290,475,0,1,0,0,0,1,1,0,0
476,2012,18.79,68.2917,19.000329,6624,476,0,1,0,0,0,0,1,0,0
477,2012,10.643349,83.5417,23.084582,1027,477,0,1,0,0,0,0,0,0,1
478,2012,7.118349,76.6667,20.334232,3214,478,0,1,0,0,0,1,0,1,0
479,2012,11.426651,45.4167,16.708661,5633,479,0,1,0,0,0,1,1,0,0
480,2012,14.403349,42.7917,7.959064,6196,480,0,1,0,0,0,1,1,0,0
481,2012,15.421651,75.6667,11.833875,5026,481,0,1,0,0,0,1,0,1,0
482,2012,13.5025,40.0833,23.291411,6233,482,0,1,0,0,0,1,1,0,0
483,2012,9.703349,48.9583,8.708325,4220,483,0,1,0,0,0,0,0,1,0
484,2012,13.541651,58.7083,7.832836,6304,484,0,1,0,0,0,0,1,0,0
485,2012,13.815849,57.0,11.499746,5572,485,0,1,0,0,0,1,0,1,0
486,2012,20.826651,65.9583,10.458432,5740,486,0,1,0,0,0,1,0,1,0
487,2012,18.515849,79.7083,9.249886,6169,487,0,1,0,0,0,1,1,0,0
488,2012,18.32,76.8333,8.957632,6421,488,0,1,0,0,0,1,0,1,0
489,2012,21.4925,73.5417,10.916846,6296,489,0,1,0,0,0,1,1,0,0
490,2012,21.218349,75.6667,10.250464,6883,490,0,1,0,0,0,0,0,1,0
491,2012,18.4375,74.0,10.041893,6359,491,0,1,0,0,0,0,0,1,0
492,2012,17.2625,66.4167,15.458307,6273,492,0,1,0,0,0,1,0,1,0
493,2012,19.338349,68.5833,19.833943,5728,493,0,1,0,0,0,1,0,1,0
494,2012,19.025,74.4167,14.499604,4717,494,0,1,0,0,0,1,0,1,0
495,2012,15.774151,55.2083,21.042221,6572,495,0,1,0,0,0,1,1,0,0
496,2012,17.066651,36.0417,15.874779,7030,496,0,1,0,0,0,1,1,0,0
497,2012,18.515849,48.0417,8.249911,7429,497,0,1,0,0,0,0,1,0,0
498,2012,20.7875,57.625,15.082839,6118,498,0,1,0,0,0,0,1,0,0
499,2012,18.946651,78.9583,14.250364,2843,499,0,1,0,0,0,1,0,1,0
500,2012,20.748349,79.4583,9.875264,5115,500,0,1,0,0,0,1,0,1,0
501,2012,21.923349,69.7917,8.208304,7424,501,0,1,0,0,0,1,1,0,0
502,2012,19.886651,52.0,15.374825,7384,502,0,1,0,0,0,1,1,0,0
503,2012,18.515849,52.3333,9.166739,7639,503,0,1,0,0,0,1,1,0,0
504,2012,20.2,45.625,5.626325,8294,504,0,1,0,0,0,0,1,0,0
505,2012,21.179151,53.0417,17.042589,7129,505,0,1,0,0,0,0,1,0,0
506,2012,20.121651,81.125,15.624668,4359,506,0,1,0,0,0,1,0,1,0
507,2012,20.905,76.5833,7.917189,6073,507,0,1,0,0,0,1,0,1,0
508,2012,21.218349,77.4583,6.834,5260,508,0,1,0,0,0,1,0,1,0
509,2012,22.785,71.6667,11.584032,6770,509,0,1,0,0,0,1,1,0,0
510,2012,23.96,74.7083,9.41685,6734,510,0,1,0,0,0,1,1,0,0
511,2012,24.5475,73.25,13.332464,6536,511,0,1,0,0,0,0,1,0,0
512,2012,24.43,69.7083,14.416457,6591,512,0,1,0,0,0,0,1,0,0
513,2012,25.4875,67.625,13.166907,6043,513,0,1,0,0,1,0,1,0,0
514,2012,25.9575,68.4583,19.7918,5743,514,0,1,0,0,0,1,1,0,0
515,2012,22.863349,67.0,9.000043,6855,515,0,1,0,0,0,1,0,1,0
516,2012,23.96,49.2917,13.083693,7338,516,0,1,0,0,0,1,1,0,0
517,2012,22.745849,75.5417,15.916721,4127,517,0,1,0,0,0,1,0,1,0
518,2012,19.416651,54.9167,12.499654,8120,518,0,1,0,0,0,0,1,0,0
519,2012,20.3175,49.3333,12.333829,7641,519,0,1,0,0,0,0,1,0,0
520,2012,20.0825,48.7083,19.083811,6998,520,0,1,0,0,0,1,1,0,0
521,2012,17.419151,61.3333,14.041525,7001,521,0,1,0,0,0,1,0,1,0
522,2012,18.045849,61.125,5.167375,7055,522,0,1,0,0,0,1,1,0,0
523,2012,20.3175,56.7083,10.54245,7494,523,0,1,0,0,0,1,1,0,0
524,2012,22.510849,46.7917,11.750661,7736,524,0,1,0,0,0,1,1,0,0
525,2012,25.409151,43.7083,9.667229,7498,525,0,1,0,0,0,0,1,0,0
526,2012,26.153349,53.8333,8.959307,6598,526,0,1,0,0,0,0,1,0,0
527,2012,25.879151,58.7917,13.916771,6664,527,0,1,0,0,0,1,0,1,0
528,2012,22.706651,83.3333,14.374582,4972,528,0,1,0,0,0,1,0,1,0
529,2012,22.824151,58.2083,22.999693,7421,529,0,1,0,0,0,1,1,0,0
530,2012,22.471651,56.9583,17.000111,7363,530,0,1,0,0,0,1,1,0,0
531,2012,22.040849,58.9583,11.833339,7665,531,0,1,0,0,0,1,1,0,0
532,2012,21.688349,50.4167,11.166689,7702,532,0,1,0,0,0,0,1,0,0
533,2012,19.8475,59.875,9.708568,6978,533,0,1,0,0,0,0,1,0,0
534,2012,18.711651,77.7917,11.707982,5099,534,0,1,0,0,0,1,0,1,0
535,2012,24.351651,69.0,9.917139,6825,535,0,1,0,0,0,1,1,0,0
536,2012,28.7775,59.2083,7.625404,6211,536,0,1,0,0,0,1,1,0,0
537,2012,29.874151,56.7917,7.958729,5905,537,0,0,1,0,0,1,1,0,0
538,2012,28.5425,57.375,12.250414,5823,538,0,0,1,0,0,1,1,0,0
539,2012,26.388349,53.4583,12.041307,7458,539,0,0,1,0,0,0,1,0,0
540,2012,26.936651,47.9167,9.750175,6891,540,0,0,1,0,0,0,1,0,0
541,2012,25.644151,50.4167,20.125661,6779,541,0,0,1,0,0,1,1,0,0
542,2012,21.649151,37.3333,23.292014,7442,542,0,0,1,0,0,1,1,0,0
543,2012,24.7825,36.0,18.208925,7335,543,0,0,1,0,0,1,1,0,0
544,2012,27.210849,42.25,11.50055,6879,544,0,0,1,0,0,1,1,0,0
545,2012,31.205849,48.875,11.082939,5463,545,0,0,1,0,0,1,1,0,0
546,2012,27.955,60.125,10.791757,5687,546,0,0,1,0,0,0,1,0,0
547,2012,30.344151,51.875,11.291443,5531,547,0,0,1,0,0,0,1,0,0
548,2012,28.738349,44.7083,13.082889,6227,548,0,0,1,0,0,1,1,0,0
549,2012,28.699151,49.2083,8.457879,6660,549,0,0,1,0,0,1,1,0,0
550,2012,29.090849,53.875,9.04165,7403,550,0,0,1,0,1,0,1,0,0
551,2012,30.8925,45.7917,12.999943,6241,551,0,0,1,0,0,1,1,0,0
552,2012,30.931651,45.0833,9.791514,6207,552,0,0,1,0,0,1,1,0,0
553,2012,32.498349,49.2083,10.958118,4840,553,0,0,1,0,0,0,1,0,0
554,2012,30.6575,57.375,8.417143,4672,554,0,0,1,0,0,0,1,0,0
555,2012,25.409151,68.3333,12.125325,6569,555,0,0,1,0,0,1,0,1,0
556,2012,25.879151,66.75,10.166379,6290,556,0,0,1,0,0,1,0,1,0
557,2012,25.683349,63.3333,10.166111,7264,557,0,0,1,0,0,1,1,0,0
558,2012,25.644151,52.9583,9.833925,7446,558,0,0,1,0,0,1,1,0,0
559,2012,26.388349,48.5833,5.41695,7499,559,0,0,1,0,0,1,0,1,0
560,2012,25.056651,69.9167,9.626493,6969,560,0,0,1,0,0,0,0,1,0
561,2012,27.054151,71.7917,11.166689,6031,561,0,0,1,0,0,0,1,0,0
562,2012,27.876651,64.5,11.000529,6830,562,0,0,1,0,0,1,1,0,0
563,2012,30.461651,50.5833,7.666743,6786,563,0,0,1,0,0,1,1,0,0
564,2012,29.286651,57.7083,9.208614,5713,564,0,0,1,0,0,1,1,0,0
565,2012,28.19,60.0417,11.083743,6591,565,0,0,1,0,0,1,1,0,0
566,2012,23.294151,84.4167,14.000789,5870,566,0,0,1,0,0,1,0,1,0
567,2012,20.004151,86.5417,14.2911,4459,567,0,0,1,0,0,0,0,0,1
568,2012,23.3725,76.25,6.2926936,7410,568,0,0,1,0,0,0,0,1,0
569,2012,26.858349,69.4167,9.291761,6966,569,0,0,1,0,0,1,1,0,0
570,2012,27.289151,65.5,14.167418,7592,570,0,0,1,0,0,1,1,0,0
571,2012,26.035849,45.0,11.0416,8173,571,0,0,1,0,0,1,1,0,0
572,2012,28.503349,59.6667,19.082471,6861,572,0,0,1,0,0,1,1,0,0
573,2012,28.738349,59.4583,10.250464,6904,573,0,0,1,0,0,1,1,0,0
574,2012,27.524151,61.3333,10.54245,6685,574,0,0,1,0,0,0,1,0,0
575,2012,25.918349,62.375,11.416532,6597,575,0,0,1,0,0,0,1,0,0
576,2012,26.349151,66.875,10.292339,7105,576,0,0,1,0,0,1,1,0,0
577,2012,25.526651,70.4167,11.083475,7216,577,0,0,1,0,0,1,1,0,0
578,2012,25.7225,67.75,9.458993,7580,578,0,0,1,0,0,1,1,0,0
579,2012,27.3675,65.9583,8.666718,7261,579,0,0,1,0,0,1,1,0,0
580,2012,27.994151,64.25,14.458064,7175,580,0,0,1,0,0,1,0,1,0
581,2012,29.286651,61.3333,17.249686,6824,581,0,0,1,0,0,0,1,0,0
582,2012,28.150849,65.25,19.458207,5464,582,0,0,1,0,0,0,1,0,0
583,2012,27.3675,65.4167,8.666718,7013,583,0,0,1,0,0,1,0,1,0
584,2012,26.584151,70.375,7.832836,7273,584,0,0,1,0,0,1,0,1,0
585,2012,27.25,67.2917,7.4169,7534,585,0,0,1,0,0,1,0,1,0
586,2012,27.524151,62.0417,10.4587,7286,586,0,0,1,0,0,1,1,0,0
587,2012,25.644151,71.5833,16.000471,5786,587,0,0,1,0,0,1,0,1,0
588,2012,24.5475,73.2917,13.834093,6299,588,0,0,1,0,0,0,0,1,0
589,2012,24.939151,53.0417,8.208304,6544,589,0,0,1,0,0,0,1,0,0
590,2012,25.879151,54.5417,9.126204,6883,590,0,0,1,0,0,1,1,0,0
591,2012,26.153349,68.6667,11.333586,6784,591,0,0,1,0,0,1,1,0,0
592,2012,25.213349,61.9583,11.374657,7347,592,0,0,1,0,0,1,1,0,0
593,2012,25.800849,51.9167,9.500332,7605,593,0,0,1,0,0,1,1,0,0
594,2012,25.996651,57.0833,15.500718,7148,594,0,0,1,0,0,1,1,0,0
595,2012,23.881651,60.3333,11.917089,7865,595,0,0,1,0,0,0,1,0,0
596,2012,21.884151,71.1667,5.79215,4549,596,0,0,1,0,0,0,0,1,0
597,2012,21.884151,73.4167,8.708593,6530,597,0,0,1,0,0,1,0,1,0
598,2012,22.510849,67.375,4.8756436,7006,598,0,0,1,0,0,1,1,0,0
599,2012,23.3725,67.7083,4.7089811,7375,599,0,0,1,0,0,1,1,0,0
600,2012,24.704151,63.5833,5.6679186,7765,600,0,0,1,0,0,1,1,0,0
601,2012,25.0175,61.5,4.8337686,7582,601,0,0,1,0,0,1,0,1,0
602,2012,23.098349,71.2917,16.375336,6053,602,0,0,1,0,0,0,0,1,0
603,2012,22.706651,84.5833,15.333486,5255,603,0,0,1,0,0,0,0,1,0
604,2012,25.056651,73.0417,8.625111,6917,604,0,0,1,0,0,1,1,0,0
605,2012,26.231651,62.0,12.791975,7040,605,0,0,1,0,0,1,1,0,0
606,2012,24.195,55.2083,7.541654,7697,606,0,0,1,0,0,1,1,0,0
607,2012,25.213349,59.0417,5.1668189,7713,607,0,0,1,0,0,1,1,0,0
608,2012,27.915849,58.75,11.291711,7350,608,0,0,1,0,0,1,1,0,0
609,2012,27.406651,63.8333,7.583529,6140,609,0,0,1,0,0,0,0,1,0
610,2012,24.743349,81.5,4.2927436,5810,610,0,0,1,0,0,0,0,1,0
611,2012,25.2525,79.0833,10.125107,6034,611,0,0,1,0,1,0,1,0,0
612,2012,26.114151,75.5,15.833507,6864,612,0,0,1,0,0,1,1,0,0
613,2012,26.623349,74.125,12.583136,7112,613,0,0,1,0,0,1,1,0,0
614,2012,24.743349,81.0417,9.542207,6203,614,0,0,1,0,0,1,0,1,0
615,2012,25.056651,73.625,11.500282,7504,615,0,0,1,0,0,1,1,0,0
616,2012,22.980849,79.9167,18.833968,5976,616,0,0,1,0,0,0,0,1,0
617,2012,20.67,54.75,15.041232,8227,617,0,0,1,0,0,0,1,0,0
618,2012,19.416651,50.375,17.333771,7525,618,0,0,1,0,0,1,1,0,0
619,2012,19.1425,52.0,6.1676314,7767,619,0,0,1,0,0,1,1,0,0
620,2012,20.160849,57.7083,8.833682,7870,620,0,0,1,0,0,1,1,0,0
621,2012,20.7875,63.7083,5.5422936,7804,621,0,0,1,0,0,1,1,0,0
622,2012,21.766651,67.25,6.958821,8009,622,0,0,1,0,0,1,1,0,0
623,2012,20.591651,50.1667,16.583907,8714,623,0,0,1,0,0,0,1,0,0
624,2012,19.26,57.0,6.0422811,7333,624,0,0,1,0,0,0,1,0,0
625,2012,19.299151,73.4583,10.166714,6869,625,0,0,1,0,0,1,0,1,0
626,2012,21.296651,87.25,23.958329,4073,626,0,0,1,0,0,1,0,1,0
627,2012,17.9675,53.6667,14.416725,7591,627,0,0,1,0,0,1,1,0,0
628,2012,17.693349,61.8333,7.917189,7720,628,0,0,1,0,0,1,1,0,0
629,2012,20.160849,66.875,10.333343,8167,629,0,0,1,0,0,1,1,0,0
630,2012,22.55,64.6667,19.000061,8395,630,0,0,1,0,0,0,1,0,0
631,2012,16.870849,46.7083,14.958286,7907,631,1,0,0,0,0,0,1,0,0
632,2012,16.165849,49.2917,9.541068,7436,632,1,0,0,0,0,1,1,0,0
633,2012,17.85,57.0,15.833507,7538,633,1,0,0,0,0,1,1,0,0
634,2012,21.845,63.0833,16.3748,7733,634,1,0,0,0,0,1,1,0,0
635,2012,22.55,69.0833,9.000914,7393,635,1,0,0,0,0,1,0,1,0
636,2012,21.100849,69.0,10.999993,7415,636,1,0,0,0,0,1,0,1,0
637,2012,17.4975,54.2917,15.249468,8555,637,1,0,0,0,0,0,1,0,0
638,2012,16.753349,58.3333,9.042186,6889,638,1,0,0,0,0,0,1,0,0
639,2012,16.479151,64.9167,6.0838814,6778,639,1,0,0,0,0,1,0,1,0
640,2012,19.769151,87.1667,6.999825,4639,640,1,0,0,0,0,1,0,0,1
641,2012,22.9025,79.375,4.4585686,7572,641,1,0,0,0,0,1,0,1,0
642,2012,22.9025,72.2917,7.875582,7328,642,1,0,0,0,0,1,0,1,0
643,2012,20.905,62.75,7.12545,8156,643,1,0,0,0,0,1,1,0,0
644,2012,18.045849,66.4167,17.957675,7965,644,1,0,0,0,0,0,1,0,0
645,2012,11.544151,70.8333,9.457854,3510,645,1,0,0,0,0,0,0,1,0
646,2012,10.016651,70.9583,12.708493,5478,646,1,0,0,0,1,0,0,1,0
647,2012,12.993349,76.1667,12.7501,6392,647,1,0,0,0,0,1,0,1,0
648,2012,16.165849,63.0833,12.584007,7691,648,1,0,0,0,0,1,1,0,0
649,2012,12.445,46.3333,12.166932,7570,649,1,0,0,0,0,1,1,0,0
650,2012,12.5625,53.9167,15.751164,7282,650,1,0,0,0,0,1,1,0,0
651,2012,10.486651,49.4583,9.791514,7109,651,1,0,0,0,0,0,1,0,0
652,2012,16.518349,64.0417,18.667004,6639,652,1,0,0,0,0,0,1,0,0
653,2012,18.398349,70.75,19.834479,5875,653,1,0,0,0,0,1,0,1,0
654,2012,14.011651,55.8333,12.208807,7534,654,1,0,0,0,0,1,1,0,0
655,2012,13.424151,69.2917,6.791857,7461,655,1,0,0,0,0,1,1,0,0
656,2012,16.5575,72.8333,15.874779,7509,656,1,0,0,0,0,1,0,1,0
657,2012,18.476651,81.5,9.041918,5424,657,1,0,0,0,0,1,0,1,0
658,2012,14.755849,57.2917,7.874979,8090,658,1,0,0,0,0,0,1,0,0
659,2012,13.815849,51.0,11.125618,6824,659,1,0,0,0,0,0,1,0,0
660,2012,14.9125,56.8333,5.4593811,7058,660,1,0,0,0,0,1,1,0,0
661,2012,17.575849,64.1667,6.3345686,7466,661,1,0,0,0,0,1,1,0,0
662,2012,19.6125,63.625,4.8762064,7693,662,1,0,0,0,0,1,1,0,0
663,2012,17.85,80.0417,8.333125,7359,663,1,0,0,0,0,1,0,1,0
664,2012,17.654151,80.7083,8.875289,7444,664,1,0,0,0,0,1,0,1,0
665,2012,16.91,72.0,15.791364,7852,665,1,0,0,0,0,0,0,1,0
666,2012,14.4425,69.4583,26.666536,4459,666,1,0,0,0,0,0,0,1,0
667,2012,12.68,88.0,23.9994,22,667,1,0,0,0,0,1,0,0,1
668,2012,6.954554,82.5455,14.271603,1096,668,1,0,0,0,0,1,0,1,0
669,2012,8.8025,66.6667,11.166689,5566,669,1,0,0,0,0,1,0,1,0
670,2012,9.194151,58.1667,10.542182,5986,670,1,0,0,0,0,1,0,1,0
671,2012,8.685,52.2083,17.833725,5847,671,1,0,0,0,0,1,1,0,0
672,2012,8.136651,49.125,18.125443,5138,672,1,0,0,0,0,0,0,1,0
673,2012,7.314151,53.2917,12.000236,5107,673,1,0,0,0,0,0,1,0,0
674,2012,7.000849,49.4167,15.833775,5259,674,1,0,0,0,0,1,1,0,0
675,2012,5.199151,56.7083,11.625371,5686,675,1,0,0,0,0,1,1,0,0
676,2012,5.904151,54.75,20.375236,5035,676,1,0,0,0,0,1,0,1,0
677,2012,8.552178,33.3478,23.304945,5315,677,1,0,0,0,0,1,1,0,0
678,2012,8.998349,54.0833,14.375386,5992,678,1,0,0,0,0,1,1,0,0
679,2012,10.290849,64.5417,3.8756686,6536,679,1,0,0,0,0,0,1,0,0
680,2012,11.779151,65.9167,8.5425,6852,680,1,0,0,0,0,0,1,0,0
681,2012,14.795,74.1667,11.625639,6269,681,1,0,0,0,1,0,1,0,0
682,2012,8.136651,66.2917,22.917082,4094,682,1,0,0,0,0,1,0,1,0
683,2012,5.590849,55.2083,13.374875,5495,683,1,0,0,0,0,1,1,0,0
684,2012,7.118349,62.0417,10.250129,5445,684,1,0,0,0,0,1,0,1,0
685,2012,8.215,52.4583,11.458675,5698,685,1,0,0,0,0,1,1,0,0
686,2012,7.275,54.5417,12.041843,5629,686,1,0,0,0,0,0,1,0,0
687,2012,8.0975,69.2917,15.250004,4669,687,1,0,0,0,0,0,1,0,0
688,2012,9.899151,62.3333,15.749489,5499,688,1,0,0,0,0,1,0,1,0
689,2012,9.585849,68.5,5.542575,5634,689,1,0,0,0,0,1,0,1,0
690,2012,8.606651,61.375,6.917482,5146,690,1,0,0,0,0,1,1,0,0
691,2012,7.98,58.0417,3.5423436,2425,691,1,0,0,0,1,0,1,0,0
692,2012,9.311651,56.875,9.917407,3910,692,1,0,0,0,0,1,1,0,0
693,2012,5.081651,40.4583,25.250357,2277,693,1,0,0,0,0,0,1,0,0
694,2012,3.554151,46.8333,10.0835,2424,694,1,0,0,0,0,0,1,0,0
695,2012,6.726651,53.5417,3.12555,5087,695,1,0,0,0,0,1,1,0,0
696,2012,5.708349,78.6667,15.916654,3959,696,1,0,0,0,0,1,0,1,0
697,2012,5.943349,50.625,14.125007,5260,697,1,0,0,0,0,1,1,0,0
698,2012,5.20089,55.5652,7.739974,5323,698,1,0,0,0,0,1,1,0,0
699,2012,6.021651,64.9583,3.9175436,5668,699,1,0,0,0,0,1,1,0,0
700,2012,6.021651,80.6667,4.0001814,5191,700,1,0,0,0,0,0,0,1,0
701,2012,8.3325,82.3333,8.333393,4649,701,1,0,0,0,0,0,0,1,0
702,2012,13.2675,76.75,5.5422936,6234,702,1,0,0,0,0,1,1,0,0
703,2012,14.364151,73.375,11.666643,6606,703,1,0,0,0,0,1,1,0,0
704,2012,12.601651,48.5,21.709407,5729,704,1,0,0,0,0,1,1,0,0
705,2012,4.024151,50.875,11.708518,5375,705,1,0,0,0,0,1,1,0,0
706,2012,7.079151,76.4167,8.7502,5008,706,1,0,0,0,0,1,0,1,0
707,2012,9.938349,91.125,6.792393,5582,707,1,0,0,0,0,0,0,1,0
708,2012,10.055849,90.5417,10.584325,3228,708,1,0,0,0,0,0,0,1,0
709,2012,12.484151,92.5,12.750636,5170,709,1,0,0,0,0,1,0,1,0
710,2012,8.606651,59.6667,19.834479,5501,710,1,0,0,0,0,1,0,1,0
711,2012,5.9825,53.8333,10.916779,5319,711,1,0,0,0,0,1,0,1,0
712,2012,5.904151,48.5833,11.666643,5532,712,1,0,0,0,0,1,1,0,0
713,2012,5.238349,64.2917,8.792343,5611,713,1,0,0,0,0,1,1,0,0
714,2012,7.235849,65.0417,7.12545,5047,714,1,0,0,0,0,0,1,0,0
715,2012,9.0375,83.875,6.749714,3786,715,1,0,0,0,0,0,0,1,0
716,2012,10.486651,90.7083,6.5833061,4585,716,1,0,0,0,0,1,0,1,0
717,2012,11.309151,66.625,14.834068,5557,717,1,0,0,0,0,1,1,0,0
718,2012,7.6275,62.5417,12.334164,5267,718,1,0,0,0,0,1,1,0,0
719,2012,7.51,66.7917,8.875021,4128,719,1,0,0,0,0,1,0,1,0
720,2012,7.353349,55.6667,25.083661,3623,720,0,0,0,1,0,1,0,1,0
721,2012,4.494151,44.125,27.292182,1749,721,0,0,0,1,0,0,1,0,0
722,2012,3.554151,51.5417,8.916561,1787,722,0,0,0,1,0,0,1,0,0
723,2012,2.871288,79.1304,5.1744368,920,723,0,0,0,1,0,1,0,1,0
724,2012,5.691288,73.4783,11.304642,1013,724,0,0,0,1,1,0,0,1,0
725,2012,3.436651,82.3333,21.208582,441,725,0,0,0,1,0,1,0,0,1
726,2012,3.945849,65.2917,23.458911,2114,726,0,0,0,1,0,1,0,1,0
727,2012,3.906651,59.0,10.416557,3095,727,0,0,0,1,0,1,0,1,0
728,2012,3.906651,75.2917,8.333661,1341,728,0,0,0,1,0,0,0,1,0
729,2012,4.024151,48.3333,23.500518,1796,729,0,0,0,1,0,0,1,0,0
730,2012,2.144151,57.75,10.374682,2729,730,0,0,0,1,0,1,0,1,0
